timestamp,TotalUptime,Theta,PanelYpTemperature,PanelYmTemperature,PanelXpTemperature,PanelXmTemperature,BatteryGGTemperature,MCUTemp
2022-01-14T23:19:22Z,68463,34,2,-0.1,3.1,2.9,11.6,9.1
2022-01-16T12:42:25Z,283282,53,9,10.1,9.6,9.7,4.6,9.2
2022-01-16T17:36:57Z,303707,56,-23.8,-26.4,-23.6,-23.8,-3.6,-11.6
2022-01-16T17:37:57Z,303767,56,-24.9,-27.3,-24.6,-24.8,-4.2,-12.5
2022-01-16T19:06:17Z,309067,57,-17.9,-20.2,-17.5,-17.5,-0.1,-7.5
2022-01-16T19:08:17Z,309187,57,-20,-22.3,-19.8,-19.5,-1.3,-8.7
2022-01-16T19:10:17Z,309307,57,-21.9,-24.4,-21.7,-21.7,-3,-10.5
2022-01-16T19:11:17Z,309367,57,-22.9,-25.5,-22.8,-22.8,-3.6,-11.4
2022-01-16T19:12:17Z,309427,57,-23.9,-26.5,-23.7,-23.8,-4.2,-11.6
2022-01-16T20:42:20Z,314829,58,-18.9,-21.4,-18.6,-18.6,-0.1,-8.3
2022-01-16T20:43:20Z,314889,58,-19.8,-22.4,-19.6,-19.5,-0.7,-9
2022-01-16T20:44:19Z,314949,58,-20.8,-23.3,-20.6,-20.6,-1.9,-9.5
2022-01-16T20:45:20Z,315009,58,-21.8,-24.1,-21.5,-21.6,-1.9,-9.9
2022-01-17T06:35:09Z,350394,65,-12.8,-11.9,-12.1,-11.8,-7.7,-8.5
2022-01-17T06:37:09Z,350514,65,-10.1,-7.8,-9.7,-9.4,-6.5,-6.1
2022-01-17T06:38:09Z,350574,65,-8.7,-5.9,-7.7,-7.6,-6,-5.2
2022-01-17T08:08:14Z,355979,66,-15.2,-14.4,-14.8,-15.4,-8.3,-10.2
2022-01-17T08:10:15Z,356100,66,-13.3,-11.3,-11.6,-12.1,-7.7,-8.2
2022-01-17T08:11:15Z,356160,66,-11.4,-9.5,-10.8,-10.5,-7.1,-7.3
2022-01-17T08:12:15Z,356220,66,-9.2,-8.4,-9.2,-9.8,-6.5,-6.2
2022-01-17T08:13:15Z,356280,66,-7.8,-7.3,-7.7,-7.4,-6,-5.3
2022-01-17T08:14:15Z,356340,66,-6.9,-5.4,-5.9,-6.5,-5.4,-4.3
2022-01-17T13:52:03Z,374438,69,8.6,9.7,9.2,9.3,3.4,8.2
2022-01-17T17:25:03Z,389386,71,-24.2,-26.6,-23.9,-24.1,-4.2,-11.9
2022-01-17T18:54:22Z,394744,72,-18.8,-21.1,-18.4,-18.3,-0.7,-7.5
2022-01-17T18:55:22Z,394804,72,-19.8,-22.1,-19.3,-19.5,-1.3,-8.2
2022-01-17T18:56:22Z,394864,72,-20.6,-23.4,-20.4,-20.6,-1.9,-9.1
2022-01-17T18:57:22Z,394924,72,-21.8,-24.4,-21.6,-21.5,-2.4,-10.5
2022-01-17T18:58:22Z,394984,72,-23.1,-25.2,-22.7,-22.6,-3.6,-11.5
2022-01-17T18:59:22Z,395044,72,-23.9,-26.3,-23.6,-23.8,-4.2,-11.7
2022-01-17T19:00:22Z,395104,72,-24.8,-27.4,-24.6,-24.7,-4.8,-12.9
2022-01-17T20:31:30Z,400572,73,-20.7,-22.9,-20.2,-20.6,-1.9,-9.1
2022-01-17T20:32:30Z,400632,73,-21.5,-24.1,-21.3,-21.4,-2.4,-10.4
2022-01-17T20:33:30Z,400692,73,-22.6,-24.9,-22.4,-22.1,-3,-10.8
2022-01-17T20:34:30Z,400752,73,-23.7,-25.5,-23.2,-23.3,-3.6,-11.5
2022-01-17T20:35:30Z,400812,73,-24.3,-26.6,-24,-24.3,-4.8,-12.3
2022-01-18T07:55:31Z,441610,80,-16.4,-15,-14.1,-14.1,-8.3,-10.3
2022-01-18T07:57:33Z,441732,80,-12.7,-11.6,-10.8,-12.2,-7.7,-7.8
2022-01-18T07:59:33Z,441852,80,-10.3,-8.4,-7.9,-8.9,-6.5,-5.9
2022-01-18T08:00:33Z,441912,80,-9.1,-6.6,-7.2,-7.1,-6,-5.2
2022-01-18T09:34:46Z,447564,80,-10.7,-8.7,-8.6,-8.1,-6,-5.6
2022-01-18T09:36:47Z,447686,80,-6.8,-5.7,-5.3,-6.7,-5.4,-3.9
2022-01-18T11:04:40Z,452958,81,-17.2,-17.1,-15.3,-16.6,-8.9,-11
2022-01-18T13:23:23Z,460122,82,9.4,9.5,11,10.1,4,9
2022-01-18T18:41:24Z,480360,85,-18.5,-20.7,-18.6,-17.8,-0.7,-7.4
2022-01-18T18:43:24Z,480480,85,-20.9,-22.7,-20.8,-19.9,-1.9,-8.9
2022-01-18T18:44:24Z,480540,85,-21.9,-23.8,-22.1,-20.9,-2.4,-9.8
2022-01-18T18:45:24Z,480600,85,-23,-24.9,-23.2,-21.9,-3,-11.2
2022-01-18T18:46:24Z,480660,85,-24.2,-25.7,-24.3,-22.9,-4.2,-11.5
2022-01-19T13:27:24Z,545742,101,12.2,13,8.8,8.1,4,9.2
2022-01-21T11:41:21Z,714344,120,-16.2,-18.6,-16.4,-15.8,1.7,-5.5
2022-01-21T12:24:34Z,716930,120,11.1,14.9,6.5,9.7,4.6,9.6
2022-01-21T12:25:34Z,716990,120,11.6,15,7.4,9.9,5.2,10.2
2022-01-21T12:26:34Z,717050,120,12.6,14.8,8.2,10.5,5.8,11.1
2022-01-21T12:29:34Z,717230,120,14,16.1,10.3,11.1,7.5,12.1
2022-01-22T00:52:21Z,761806,121,-2.6,5.8,-9.3,1.3,4.6,-0.2
2022-01-22T00:53:21Z,761866,121,-0.8,6.8,-7.8,2.6,4.6,0.8
2022-01-22T12:10:32Z,802485,121,9.5,14.7,4.4,10.4,4.6,9.1
2022-01-22T12:11:32Z,802545,121,10.6,15.1,5.3,11,4.6,9.5
2022-01-22T12:12:32Z,802605,121,11.4,15.1,6.2,11.3,4.6,10.2
2022-01-22T12:13:32Z,802665,121,11.8,15.2,7,11.5,4.6,10.9
2022-01-22T12:14:32Z,802725,121,12.3,15.5,7.6,11.7,4.6,11.2
2022-01-22T12:15:32Z,802785,121,12.8,15.9,8.3,11.9,4.6,12.1
2022-01-22T12:16:32Z,802845,121,13.4,16.6,9,12.1,4.6,12.4
2022-01-22T13:05:21Z,805785,121,-19.4,-21.4,-19.8,-18.5,4.6,-7.5
2022-01-22T13:06:21Z,805845,121,-20.6,-22.3,-21,-19.4,4.6,-8.4
2022-01-22T21:02:08Z,834379,123,-18.9,-20.1,-19.3,-17.4,0.5,-7.1
2022-01-22T21:03:08Z,834439,123,-20,-21.1,-20.5,-18.3,-0.7,-8.1
2022-01-22T21:04:08Z,834499,123,-21.1,-21.9,-21.6,-19.1,-1.3,-8.9
2022-01-22T21:05:08Z,834559,123,-22.1,-22.8,-22.8,-19.8,-1.9,-9.2
2022-01-22T21:07:08Z,834679,123,-24.2,-24.6,-24.8,-21.3,-3,-10.9
2022-01-22T21:08:08Z,834739,123,-25.2,-25.6,-25.9,-22.2,-4.2,-11.9
2022-01-22T21:09:08Z,834799,123,-26.2,-26.6,-26.9,-23.1,-4.8,-12.7
2022-01-23T02:12:39Z,853009,123,-6.6,3.9,-14.3,0.5,-3.6,-2
2022-01-23T08:28:12Z,875542,123,-12.8,-3.3,-21.4,-5.3,-6,-6.8
2022-01-23T08:29:12Z,875602,123,-11.7,-1.6,-20.1,-3.5,-5.4,-6.1
2022-01-23T08:30:12Z,875662,123,-10.4,0.00E+00,-18.7,-1.8,-5.4,-4.8
2022-01-23T08:31:12Z,875722,123,-9.3,1.7,-17.3,-0.2,-4.8,-3.9
2022-01-23T08:32:12Z,875782,123,-7.9,3.3,-15.8,1.1,-4.2,-2.8
2022-01-23T08:35:12Z,875962,123,-3.9,7.5,-11.2,4.6,-1.9,-0.2
2022-01-23T10:01:21Z,881131,123,-15.4,-6.7,-24.3,-8.1,-7.1,-9.2
2022-01-23T10:03:21Z,881251,123,-13,-3.3,-21.6,-4.8,-6.5,-7.1
2022-01-23T10:04:21Z,881311,123,-11.8,-1.6,-20.3,-3.1,-6,-6.5
2022-01-23T10:05:21Z,881371,123,-10.4,0.00E+00,-18.9,-1.4,-5.4,-4.9
2022-01-23T10:06:21Z,881431,123,-9.1,1.7,-17.4,0.1,-4.8,-4.2
2022-01-23T10:07:21Z,881491,123,-7.8,3.3,-15.9,1.3,-4.2,-3.3
2022-01-23T10:08:21Z,881551,123,-6.5,4.5,-14.4,2.2,-3.6,-2.3
2022-01-23T11:35:31Z,886780,123,-17.5,-8,-25.8,-10.1,-7.7,-10.9
2022-01-23T11:58:31Z,888160,123,10.5,16.5,5.6,13.3,6.3,10.7
2022-01-23T11:59:31Z,888220,123,11.1,16.4,6.6,13.6,8.1,11.4
2022-01-23T17:41:52Z,908761,123,-22.1,-22.8,-22.6,-19.6,-1.3,-9.2
2022-01-23T17:44:52Z,908941,123,-25.2,-25.9,-25.8,-22.4,-3.6,-11.6
2022-01-23T17:45:52Z,909001,123,-26.2,-26.8,-26.8,-23.3,-4.2,-12.7
2022-01-23T17:46:52Z,909061,123,-27.2,-27.7,-27.8,-24.1,-5.4,-13.8
2022-01-23T19:14:01Z,914290,123,-19.3,-20.4,-19.8,-17.3,0.5,-7
2022-01-23T19:15:01Z,914350,123,-20.4,-21.5,-20.9,-18.3,-0.1,-8.1
2022-01-23T19:16:01Z,914410,123,-21.6,-22.5,-22.1,-19.3,-1.3,-9.2
2022-01-23T19:17:01Z,914470,123,-22.6,-23.4,-23.2,-20.3,-1.9,-9.4
2022-01-23T19:21:01Z,914710,123,-26.8,-27.1,-27.3,-23.6,-4.8,-13.2
2022-01-23T19:22:01Z,914770,123,-27.7,-28.1,-28.3,-24.5,-5.4,-13.5
2022-01-23T20:48:13Z,919941,123,-18.1,-19.3,-18.6,-16.4,1.1,-6.6
2022-01-23T20:49:13Z,920001,123,-19.3,-20.2,-19.8,-17.2,0.5,-7.3
2022-01-23T20:50:13Z,920061,123,-20.3,-21.1,-20.9,-18.1,-0.7,-7.8
2022-01-23T20:51:13Z,920121,123,-21.4,-21.9,-21.9,-18.9,-1.3,-8.9
2022-01-23T20:52:13Z,920181,123,-22.4,-22.8,-23.1,-19.6,-1.9,-9.7
2022-01-23T20:53:13Z,920241,123,-23.4,-23.7,-24.1,-20.4,-2.4,-10.6
2022-01-23T20:54:13Z,920301,123,-24.4,-24.6,-25.1,-21.1,-3,-11
2022-01-23T20:55:13Z,920361,123,-25.4,-25.6,-26.1,-22,-4.2,-11.9
2022-01-23T20:56:13Z,920421,123,-26.4,-26.5,-27.1,-22.9,-4.8,-12.5
2022-01-24T06:42:08Z,955575,123,-11.4,1.7,-18.9,0.6,-4.2,-4.7
2022-01-24T06:45:08Z,955755,123,-6.9,5.8,-14.3,5,-2.4,-1.8
2022-01-24T08:12:08Z,960975,123,-18.3,-7.1,-25.9,-7.3,-6.5,-9.9
2022-01-24T08:19:08Z,961395,123,-8.6,4.4,-16.1,4.4,-3,-2.7
2022-01-24T08:20:08Z,961455,123,-7.5,6.3,-14.6,5.3,-2.4,-2.2
2022-01-24T09:49:25Z,966812,123,-15.9,-2.7,-23.2,-3.7,-6,-7.6
2022-01-24T09:50:25Z,966872,123,-14.5,-1.2,-21.8,-1.7,-5.4,-6.4
2022-01-24T09:51:25Z,966932,123,-12.8,-0.1,-20.4,0.3,-4.8,-5.5
2022-01-24T09:52:25Z,966992,123,-11.3,1.6,-18.9,1.9,-4.2,-4.5
2022-01-24T09:53:25Z,967052,123,-10.3,3.5,-17.4,2.8,-3.6,-3.5
2022-01-24T09:54:25Z,967112,123,-8.8,5.3,-15.8,3.9,-3,-2.1
2022-01-24T11:22:35Z,972402,123,-19.1,-6.6,-26.2,-7.1,-7.1,-10.2
2022-01-24T11:23:35Z,972462,123,-17.6,-4.5,-24.9,-5.3,-6.5,-8.8
2022-01-24T11:25:35Z,972582,123,-14.4,-2,-22.1,-1.1,-6,-6.7
2022-01-24T11:26:35Z,972642,123,-13.4,0.00E+00,-20.7,0.00E+00,-5.4,-5.7
2022-01-24T11:46:35Z,973842,123,10.8,17.9,7.1,15.4,8.1,11.9
2022-01-24T11:47:35Z,973902,123,11.5,17.4,8,16.1,8.1,12.5
2022-01-24T11:50:35Z,974082,123,12.9,19,9.8,16.3,9.9,13
2022-01-24T13:19:44Z,979431,123,9.8,17.9,5.5,15.3,5.8,10.3
2022-01-24T13:21:44Z,979551,123,11.1,18.8,7.5,15.6,8.1,11.8
2022-01-24T13:22:44Z,979611,123,11.8,18.2,8.4,16.3,8.7,12.2
2022-01-24T13:23:44Z,979671,123,12.6,18.6,9.3,16.7,8.7,12.8
2022-01-24T17:28:50Z,994376,123,-21.5,-21.9,-22.1,-18.4,-0.7,-8.7
2022-01-24T17:29:50Z,994436,123,-22.6,-22.9,-23.1,-19.4,-1.3,-9.3
2022-01-24T17:30:50Z,994496,123,-23.6,-24,-24.2,-20.4,-1.9,-10.3
2022-01-24T17:32:50Z,994616,123,-25.6,-26.1,-26.3,-22.4,-3.6,-11.5
2022-01-24T17:33:50Z,994676,123,-26.6,-27,-27.3,-23.3,-4.2,-12.5
2022-01-24T19:00:50Z,999895,123,-18.4,-19.1,-18.9,-15.8,1.1,-6.5
2022-01-24T19:01:50Z,999955,123,-19.6,-20.3,-20.1,-16.9,0.5,-7.2
2022-01-24T19:03:50Z,1000075,123,-21.8,-22.3,-22.3,-18.9,-1.3,-8.9
2022-01-24T19:05:50Z,1000195,123,-23.9,-24.2,-24.4,-20.6,-2.4,-10.5
2022-01-24T19:08:50Z,1000375,123,-26.8,-26.8,-27.5,-23,-4.8,-13
2022-01-24T19:09:50Z,1000435,123,-27.7,-27.7,-28.4,-23.9,-5.4,-13.8
2022-01-24T20:36:18Z,1005624,123,-19,-19.7,-19.6,-16.3,1.1,-6.6
2022-01-24T20:37:18Z,1005684,123,-20.1,-20.6,-20.7,-17.2,0.5,-7.7
2022-01-24T20:38:18Z,1005744,123,-21.2,-21.4,-21.8,-18.1,-0.7,-8.3
2022-01-24T20:39:18Z,1005804,123,-22.1,-22.3,-22.8,-18.8,-1.3,-9.5
2022-01-24T20:40:18Z,1005864,123,-23.1,-23.2,-23.8,-19.6,-1.9,-9.5
2022-01-24T20:41:18Z,1005924,123,-24.1,-23.9,-24.8,-20.3,-2.4,-10.9
2022-01-24T20:42:18Z,1005984,123,-25.1,-24.8,-25.8,-21.2,-3.6,-11.5
2022-01-24T20:43:18Z,1006044,123,-26,-25.8,-26.7,-22,-4.2,-12.2
2022-01-24T20:44:18Z,1006104,123,-27,-26.7,-27.6,-22.9,-4.8,-12.9
2022-01-25T06:27:45Z,1041109,123,-14.1,0.6,-19.9,1.6,-4.2,-5.5
2022-01-25T08:00:45Z,1046689,123,-16.9,-2.9,-23.1,-0.9,-5.4,-7.6
2022-01-25T08:01:45Z,1046749,123,-15.9,-0.6,-21.7,0.1,-4.8,-6.6
2022-01-25T08:02:45Z,1046809,123,-14.1,0.00E+00,-20.3,2.4,-4.2,-5.9
2022-01-25T08:03:45Z,1046869,123,-13,2.2,-18.8,3.3,-3.6,-4.8
2022-01-25T08:05:45Z,1046989,123,-9.5,5.2,-15.6,7.1,-2.4,-2.5
2022-01-25T08:06:45Z,1047049,123,-8.4,7.5,-13.9,7.6,-1.9,-1.2
2022-01-25T08:07:45Z,1047109,123,-6.6,8.6,-12.1,9.1,-1.3,-0.4
2022-01-25T09:34:46Z,1052329,123,-18.6,-3.9,-24.3,-2.6,-5.4,-8.4
2022-01-25T09:36:46Z,1052449,123,-15.9,-0.8,-21.5,0.6,-4.2,-6.2
2022-01-25T09:37:46Z,1052509,123,-14.3,0.8,-20.1,2.4,-4.2,-5.2
2022-01-25T09:38:46Z,1052569,123,-12.6,2.1,-18.6,4.3,-3.6,-4.5
2022-01-25T09:39:46Z,1052629,123,-11.5,4.4,-17,5.1,-3,-3
2022-01-25T09:40:46Z,1052689,123,-9.8,5.3,-15.4,7,-2.4,-2.3
2022-01-25T09:41:46Z,1052749,123,-8.3,7,-13.7,7.6,-1.3,-0.8
2022-01-25T09:42:46Z,1052809,123,-6.7,8.6,-12,8.4,-0.7,-0.2
2022-01-25T11:11:46Z,1058149,123,-16.2,-1.2,-21.8,0.5,-4.8,-6.2
2022-01-25T11:12:46Z,1058209,123,-14.8,0.8,-20.4,2.1,-4.2,-5.5
2022-01-25T11:13:46Z,1058269,123,-13,1.7,-18.9,4.3,-3.6,-4.8
2022-01-25T11:14:46Z,1058329,123,-11.9,4.2,-17.3,5,-3,-3.3
2022-01-25T17:18:46Z,1080169,123,-23.5,-23.6,-24,-19.8,-1.3,-10
2022-01-25T17:19:46Z,1080229,123,-24.5,-24.6,-25.1,-20.8,-1.9,-10
2022-01-25T17:20:46Z,1080289,123,-25.4,-25.5,-26,-21.6,-3,-11.2
2022-01-25T18:47:46Z,1085509,123,-17.1,-17.3,-17.6,-13.9,2.8,-4.6
2022-01-25T18:48:46Z,1085569,123,-18.3,-18.5,-18.7,-15,2.2,-5.2
2022-01-25T18:49:46Z,1085629,123,-19.4,-19.6,-19.8,-16.1,1.7,-6.4
2022-01-25T18:50:46Z,1085689,123,-20.4,-20.6,-20.9,-17.1,0.5,-7.2
2022-01-25T18:51:46Z,1085749,123,-21.5,-21.8,-22.1,-18,-0.1,-7.5
2022-01-25T18:52:46Z,1085809,123,-22.6,-22.6,-23.1,-18.9,-0.7,-8.7
2022-01-25T18:53:46Z,1085869,123,-23.6,-23.6,-24.1,-19.8,-1.3,-9.5
2022-01-25T18:54:46Z,1085929,123,-24.6,-24.5,-25.1,-20.6,-2.4,-10.1
2022-01-25T18:55:46Z,1085989,123,-25.5,-25.4,-26.1,-21.5,-3,-11.4
2022-01-25T18:56:46Z,1086049,123,-26.4,-26.3,-27,-22.3,-3.6,-12
2022-01-26T06:16:48Z,1126849,123,-10.7,5.4,-15.4,8.5,-1.9,-2.2
2022-01-26T07:49:48Z,1132429,123,-14.3,1.6,-18.9,5.9,-3,-5
2022-01-26T07:51:48Z,1132549,123,-11.1,5.3,-15.7,8.8,-1.9,-2.5
2022-01-26T07:52:48Z,1132609,123,-9.7,7.7,-14,9.6,-1.3,-1.4
2022-01-26T07:55:48Z,1132789,123,-4.4,11.8,-8.4,13.1,1.1,1.5
2022-01-26T09:23:48Z,1138069,123,-16.1,1.1,-20.3,3.9,-3,-5.8
2022-01-26T09:25:48Z,1138189,123,-12.9,4.6,-17.1,7,-1.9,-3.1
2022-01-26T09:26:48Z,1138249,123,-11,5.5,-15.5,9.3,-1.3,-2.1
2022-01-26T09:27:48Z,1138309,123,-9.6,7.9,-13.8,9.9,-0.7,-1.1
2022-01-26T09:28:48Z,1138369,123,-7.7,8.9,-11.9,11.5,-0.1,0.2
2022-01-26T09:29:48Z,1138429,123,-6.1,10.5,-10.1,11.9,0.5,0.8
2022-01-26T10:58:48Z,1143769,123,-16.1,0.9,-20.2,4.1,-3,-5.3
2022-01-26T10:59:48Z,1143829,123,-14.3,1.8,-18.6,6.5,-2.4,-4.1
2022-01-26T11:00:48Z,1143889,123,-13,4.5,-17.1,6.8,-1.9,-3.2
2022-01-26T11:01:48Z,1143949,123,-11.1,5.2,-15.5,9.1,-1.3,-2.3
2022-01-26T11:02:48Z,1144009,123,-9.8,7.5,-13.8,9.5,-0.7,-1.2
2022-01-26T12:52:48Z,1150609,123,9.3,19.3,7.9,19.7,8.1,11.6
2022-01-26T12:53:48Z,1150669,123,10.6,20.6,9.2,19.8,9.3,12.3
2022-01-26T12:54:48Z,1150729,123,11.7,21.1,10.8,20.7,9.3,13.2
2022-01-26T12:55:48Z,1150789,123,13.1,21.6,12.1,21.3,10.4,13.7
2022-01-26T12:56:48Z,1150849,123,13.8,22.5,13.3,21.5,11,13.9
2022-01-26T12:57:48Z,1150909,123,14.7,22.1,14.3,22.9,11.6,14.9
2022-01-26T12:59:48Z,1151029,123,16.1,23.1,15.8,23.9,12.8,16.3
2022-01-26T17:03:49Z,1165669,123,-20.9,-20.9,-21.4,-17.1,1.1,-7.2
2022-01-26T17:04:49Z,1165729,123,-21.9,-22,-22.4,-18.1,0.5,-7.8
2022-01-26T17:06:49Z,1165849,123,-23.9,-24,-24.4,-20,-1.3,-9.2
2022-01-26T17:08:49Z,1165969,123,-25.8,-25.8,-26.4,-21.8,-3,-11.3
2022-01-26T18:35:49Z,1171189,123,-17.5,-17.5,-17.9,-13.8,3.4,-4.6
2022-01-26T18:37:49Z,1171309,123,-19.8,-19.8,-20.1,-16,1.7,-6.2
2022-01-26T18:38:49Z,1171369,123,-20.8,-20.9,-21.3,-17,1.1,-7.5
2022-01-26T18:40:49Z,1171489,123,-22.8,-22.8,-23.3,-18.9,-0.7,-8.5
2022-01-26T18:41:49Z,1171549,123,-23.8,-23.8,-24.3,-19.8,-1.3,-9.7
2022-01-26T18:42:49Z,1171609,123,-24.8,-24.7,-25.3,-20.7,-1.9,-10.3
2022-01-26T20:09:49Z,1176829,123,-16.8,-16.8,-17.2,-13.1,3.4,-4.1
2022-01-26T20:10:49Z,1176889,123,-17.9,-17.8,-18.4,-14,2.8,-4.9
2022-01-26T20:11:49Z,1176949,123,-19,-18.8,-19.4,-15,2.2,-5.7
2022-01-26T20:12:49Z,1177009,123,-20,-19.9,-20.5,-16,1.7,-6.6
2022-01-26T20:13:49Z,1177069,123,-21.1,-20.9,-21.6,-17.1,0.5,-7.8
2022-01-26T20:14:49Z,1177129,123,-22.1,-21.9,-22.6,-18.1,-0.1,-8.2
2022-01-26T20:15:49Z,1177189,123,-23.1,-22.9,-23.6,-19,-0.7,-9.1
2022-01-26T20:17:49Z,1177309,123,-25,-24.9,-25.6,-20.9,-2.4,-10.6
2022-01-26T21:48:49Z,1182769,123,-20.4,-20.1,-20.9,-16.1,1.1,-6.8
2022-01-26T21:49:49Z,1182829,123,-21.4,-21.1,-22,-17.1,0.5,-7.5
2022-01-26T21:50:49Z,1182889,123,-22.4,-22,-23,-17.9,-0.1,-8.4
2022-01-26T21:51:49Z,1182949,123,-23.4,-22.9,-23.9,-18.9,-1.3,-9.5
2022-01-27T07:37:51Z,1218109,124,-12.6,5.2,-16.1,8.7,-1.3,-2.8
2022-01-27T07:38:51Z,1218169,124,-10.8,6.3,-14.4,10.9,-0.7,-1.5
2022-01-27T07:39:51Z,1218229,124,-9.1,8.4,-12.6,11.8,-0.1,-0.4
2022-01-27T07:40:51Z,1218289,124,-7.6,10.4,-10.7,12.5,0.5,0.4
2022-01-27T07:43:51Z,1218469,124,-2.1,14.5,-4.9,15.3,2.8,3.9
2022-01-27T09:12:52Z,1223809,124,-12.5,5.3,-15.9,9.4,-0.7,-2.7
2022-01-27T09:13:52Z,1223869,124,-10.7,6.5,-14.2,11.3,-0.1,-1.5
2022-01-27T09:14:52Z,1223929,124,-9.1,8.8,-12.4,11.8,0.5,-0.3
2022-01-27T09:15:52Z,1223989,124,-7.5,10.2,-10.5,12.7,1.1,0.8
2022-01-27T09:16:52Z,1224049,124,-5.5,10.8,-8.6,14.2,1.7,2.2
2022-01-27T10:46:52Z,1229449,124,-14.7,3.5,-18.1,7.1,-1.9,-3.8
2022-01-27T10:47:52Z,1229509,124,-12.8,4.4,-16.4,9.2,-1.3,-2.6
2022-01-27T10:48:52Z,1229569,124,-11.3,5.9,-14.7,10.3,-0.7,-1.5
2022-01-27T10:49:52Z,1229629,124,-9.8,8.2,-13,10.8,-0.1,-0.7
2022-01-27T11:58:45Z,1233769,124,-12.9,-12.8,-13.3,-9,6.3,-0.8
2022-01-27T11:59:45Z,1233829,124,-14.1,-13.8,-14.5,-10.1,5.2,-1.8
2022-01-27T12:38:52Z,1236169,124,9.8,21,9.3,20.7,8.7,11.6
2022-01-27T12:39:52Z,1236229,124,11.5,21.3,11,22.1,9.9,12.8
2022-01-27T12:40:52Z,1236289,124,12.8,22.2,12.4,22.3,9.9,13.7
2022-01-27T12:41:52Z,1236349,124,13.6,23.2,13.6,22.5,11,14.6
2022-01-27T12:42:52Z,1236409,124,14.5,23,14.7,23.8,11.6,15.1
2022-01-27T12:43:52Z,1236469,124,15.3,23.2,15.6,24.6,12.2,15.8
2022-01-27T12:44:52Z,1236529,124,16,24.4,16.3,24.4,12.8,16.8
2022-01-27T12:46:52Z,1236649,124,17.8,24.6,18.4,26.4,14,17.6
2022-01-27T16:52:52Z,1251409,124,-22.4,-22.4,-22.9,-18.4,-0.1,-8.2
2022-01-27T16:53:52Z,1251469,124,-23.4,-23.4,-23.9,-19.3,-0.7,-9.5
2022-01-27T16:55:52Z,1251589,124,-25.3,-25.3,-25.8,-21.2,-1.9,-10.4
2022-01-27T18:21:52Z,1256749,124,-16.3,-16.1,-16.6,-12.2,4.6,-3.2
2022-01-27T18:23:52Z,1256869,124,-18.5,-18.4,-18.9,-14.5,2.8,-5.2
2022-01-27T18:24:52Z,1256929,124,-19.6,-19.4,-19.9,-15.6,2.2,-5.3
2022-01-27T18:25:52Z,1256989,124,-20.6,-20.6,-21.1,-16.6,1.7,-6.8
2022-01-27T18:26:52Z,1257049,124,-21.6,-21.6,-22.1,-17.6,0.5,-7.7
2022-01-27T18:27:52Z,1257109,124,-22.6,-22.6,-23.1,-18.6,-0.1,-8.5
2022-01-27T18:28:52Z,1257169,124,-23.6,-23.6,-24.1,-19.5,-0.7,-9.7
2022-01-27T18:29:52Z,1257229,124,-24.6,-24.5,-25.1,-20.4,-1.9,-10.2
2022-01-27T18:30:53Z,1257289,124,-25.5,-25.4,-26.1,-21.4,-2.4,-11
2022-01-27T18:31:52Z,1257349,124,-26.4,-26.3,-27,-22.3,-3,-11.3
2022-01-27T19:55:53Z,1262389,124,-15.2,-15,-15.6,-11.3,4.6,-2.3
2022-01-27T19:56:53Z,1262449,124,-16.3,-16.1,-16.8,-12.3,4,-3.5
2022-01-27T19:57:53Z,1262509,124,-17.4,-17.2,-17.9,-13.3,3.4,-4.5
2022-01-27T19:58:53Z,1262569,124,-18.5,-18.3,-18.9,-14.3,2.8,-5.4
2022-01-27T19:59:53Z,1262629,124,-19.6,-19.3,-20.1,-15.5,2.2,-6.3
2022-01-27T20:01:53Z,1262749,124,-21.6,-21.4,-22.1,-17.3,0.5,-7.7
2022-01-27T20:02:53Z,1262809,124,-22.6,-22.4,-23.1,-18.3,-0.1,-8.5
2022-01-27T20:03:53Z,1262869,124,-23.6,-23.4,-24.1,-19.3,-1.3,-9.3
2022-01-27T20:04:53Z,1262929,124,-24.5,-24.3,-25.1,-20.3,-1.9,-10
2022-01-27T20:05:53Z,1262989,124,-25.4,-25.3,-26,-21.2,-2.4,-11
2022-01-27T21:33:53Z,1268269,124,-18.4,-18,-18.9,-14.1,2.8,-5.2
2022-01-27T21:34:53Z,1268329,124,-19.4,-18.9,-19.9,-15,2.2,-6.2
2022-01-27T21:35:53Z,1268389,124,-20.4,-19.9,-20.9,-15.8,1.1,-6.6
2022-01-27T21:36:53Z,1268449,124,-21.4,-20.9,-21.9,-16.8,0.5,-7
2022-01-27T21:37:53Z,1268509,124,-22.4,-22,-22.9,-18,-0.1,-8.5
2022-01-27T21:38:53Z,1268569,124,-23.4,-23.1,-23.9,-19.1,-0.7,-8.9
2022-01-28T07:22:55Z,1303609,125,-15.7,1.1,-19.4,6.8,-2.4,-5.2
2022-01-28T07:25:55Z,1303789,125,-11.2,7,-14.4,9.9,-0.7,-2.1
2022-01-28T07:26:55Z,1303849,125,-9.6,8.5,-12.6,11.3,-0.1,-0.6
2022-01-28T07:27:55Z,1303909,125,-7.5,9.7,-10.6,13,0.5,0.6
2022-01-28T07:30:55Z,1304089,125,-2.1,14.1,-4.8,15.1,2.2,4.2
2022-01-28T08:58:55Z,1309369,125,-13.8,3.2,-17.3,8.6,-1.3,-3.7
2022-01-28T09:04:55Z,1309729,125,-3.8,11.8,-6.5,14.8,2.2,3.1
2022-01-28T10:30:55Z,1314889,125,-19.1,-2.1,-22.7,2.9,-3.6,-7.5
2022-01-28T10:31:55Z,1314949,125,-17.8,0.00E+00,-21.2,4.2,-3,-6.4
2022-01-28T10:32:55Z,1315009,125,-16.3,1.3,-19.6,5.7,-2.4,-5
2022-01-28T10:33:55Z,1315069,125,-14.6,2.5,-18.1,7.5,-1.9,-3.8
2022-01-28T10:34:55Z,1315129,125,-13,3.9,-16.4,9.1,-1.3,-3.2
2022-01-28T10:35:55Z,1315189,125,-11.6,5.4,-14.8,10.1,-0.7,-2.1
2022-01-28T10:36:55Z,1315249,125,-9.9,7.5,-13.1,10.8,-0.1,-0.8
2022-01-28T10:37:55Z,1315309,125,-8.3,9.3,-11.3,11.5,0.5,0.00E+00
2022-01-28T12:27:56Z,1321909,125,11.8,21.4,11.9,21.5,9.9,12.7
2022-01-28T12:28:56Z,1321969,125,13.1,21.8,13.2,22.7,10.4,13.5
2022-01-28T12:29:56Z,1322029,125,14,22,14.3,23.6,11.6,14.3
2022-01-28T12:30:56Z,1322089,125,14.8,22.6,15.2,23.9,11.6,15
2022-01-28T12:31:56Z,1322149,125,15.6,23.6,15.9,24.1,12.8,15.6
2022-01-28T12:32:56Z,1322209,125,16.6,24.6,17.2,24.4,12.8,16.5
2022-01-28T16:38:56Z,1336969,125,-21.3,-21.3,-21.8,-17.3,1.1,-7.6
2022-01-28T16:39:56Z,1337029,125,-22.4,-22.4,-22.9,-18.3,-0.1,-8.5
2022-01-28T16:40:56Z,1337089,125,-23.3,-23.4,-23.9,-19.3,-0.7,-8.9
2022-01-28T16:41:56Z,1337149,125,-24.3,-24.4,-24.9,-20.3,-1.3,-9.9
2022-01-28T16:42:56Z,1337209,125,-25.3,-25.3,-25.8,-21.3,-2.4,-10.8
2022-01-28T18:10:56Z,1342489,125,-18.1,-17.7,-18.5,-13.6,3.4,-4.5
2022-01-28T18:11:56Z,1342549,125,-19.1,-18.8,-19.6,-14.8,2.2,-5.5
2022-01-28T18:12:56Z,1342609,125,-20.2,-19.9,-20.6,-15.9,1.7,-6.5
2022-01-28T18:13:56Z,1342669,125,-21.2,-21,-21.7,-16.9,1.1,-7.2
2022-01-28T18:14:56Z,1342729,125,-22.2,-22.1,-22.7,-18,-0.1,-7.9
2022-01-28T18:15:56Z,1342789,125,-23.2,-23.1,-23.7,-19,-0.7,-9
2022-01-28T18:16:56Z,1342849,125,-24.1,-24.1,-24.7,-20,-1.3,-9.8
2022-01-28T18:17:56Z,1342909,125,-25.1,-25.1,-25.6,-20.9,-1.9,-10.2
2022-01-29T12:15:58Z,1407589,125,12.1,20.3,11.9,20.4,9.3,12.4
2022-01-29T12:16:58Z,1407649,125,13.2,20.9,13.1,21.2,9.9,13.6
2022-01-29T12:19:58Z,1407829,125,15.8,22.6,16,23.3,11.6,15.2
2022-01-29T12:20:58Z,1407889,125,17.3,23.3,17.9,23.9,12.8,16.1
2022-01-29T12:21:58Z,1407949,125,18.2,23.7,18.9,24.7,13.4,17.2
2022-01-31T11:51:10Z,1578896,125,11.6,17.6,9.2,15.1,14.5,11.9
2022-01-31T11:52:10Z,1578956,125,12.3,17.1,9.9,15.9,14.5,12.3
2022-01-31T11:55:10Z,1579136,125,14.3,19.3,12.4,16.5,14.5,13.2
2022-01-31T12:43:11Z,1582016,125,-17.6,-17.4,-18.1,-13.8,14.5,-5.2
2022-02-01T01:53:21Z,1629427,126,-3.9,5.9,-11.4,4.1,-2.4,-0.5
2022-02-01T12:29:07Z,1667573,126,-17.6,-18.3,-18.3,-14.8,1.1,-5.3
2022-02-02T12:57:25Z,1755662,138,10.1,13.1,4.4,8.6,2.8,7.7
2022-02-02T12:59:25Z,1755782,138,11.9,14.3,7,9.6,4.6,9.1
2022-02-02T13:00:25Z,1755842,138,12.6,15.3,8.1,10.1,4.6,9.8
2022-02-02T13:01:25Z,1755902,138,13.6,16.1,9,10.7,5.8,10.4
2022-02-03T20:00:04Z,1867413,156,-17.8,-19.4,-18.3,-16.6,0.5,-6.1
2022-02-03T20:01:04Z,1867473,156,-18.8,-20.4,-19.4,-17.3,-0.1,-7.4
2022-02-03T20:02:04Z,1867533,156,-20.1,-21.2,-20.6,-18.3,-0.7,-8.4
2022-02-03T20:03:04Z,1867593,156,-21.1,-22.3,-21.8,-19.1,-1.9,-9.2
2022-02-03T20:04:04Z,1867653,156,-22.2,-23.2,-22.9,-20,-2.4,-10
2022-02-03T20:05:04Z,1867713,156,-23.3,-24.2,-23.9,-20.9,-3,-10.6
2022-02-03T20:06:04Z,1867773,156,-24.3,-25.2,-25,-21.8,-3.6,-11.4
2022-02-03T21:39:11Z,1873360,157,-21.7,-22.7,-22.4,-19.4,-2.4,-9.8
2022-02-03T21:40:11Z,1873420,157,-22.8,-23.5,-23.4,-20.4,-3,-10.3
2022-02-03T21:41:11Z,1873480,157,-23.8,-24.6,-24.5,-21.2,-3.6,-10.9
2022-02-03T21:42:11Z,1873540,157,-24.8,-25.4,-25.5,-22.2,-4.2,-11.5
2022-02-04T07:29:59Z,1908805,163,-6.6,-2.7,-12.1,-9.8,-6,-5.8
2022-02-04T07:31:59Z,1908925,163,-3.3,0.00E+00,-9.4,-5.6,-4.8,-3.2
2022-02-04T07:33:59Z,1909045,163,-1.1,3.6,-6.5,-2.4,-3.6,-1.1
2022-02-04T07:34:59Z,1909105,163,0.4,4.6,-5.1,-0.7,-3,0.1
2022-02-04T10:41:08Z,1920273,164,-4.8,-1.9,-10.6,-7.9,-5.4,-4
2022-02-04T12:34:26Z,1927071,165,14.1,13.3,9.9,8.1,4.6,9.3
2022-02-04T12:35:26Z,1927131,165,14.3,14.6,10.8,8.4,5.2,10.4
2022-02-04T12:38:26Z,1927311,165,16.3,15.7,13.4,9.6,7.5,12
2022-02-04T18:15:41Z,1947545,168,-21.3,-22.8,-21.9,-19.7,-1.9,-9.2
2022-02-04T18:18:41Z,1947725,168,-24.5,-25.9,-25.3,-22.5,-4.2,-12.2
2022-02-04T21:26:59Z,1959020,170,-22.5,-23.8,-23.1,-20.9,3276.7,-10.1
2022-02-04T21:27:59Z,1959080,170,-23.5,-24.6,-24.2,-21.6,3276.7,-11
2022-02-04T21:28:59Z,1959140,170,-24.4,-25.5,-25.3,-22.3,3276.7,-11.6
2022-02-05T07:14:53Z,1994291,175,-8.8,-7.1,-13.2,-14.8,-7.1,-7.4
2022-02-05T07:16:53Z,1994411,175,-6.3,-3.6,-10.8,-11.1,-6.5,-5.5
2022-02-05T07:17:53Z,1994471,175,-5.4,-1.6,-9.3,-9,-6,-4.9
2022-02-05T07:19:53Z,1994591,175,-1.9,1.1,-6.9,-4.6,-4.2,-2.4
2022-02-05T07:21:53Z,1994711,175,0.2,4.9,-3.8,-1.2,-3,-0.4
2022-02-05T07:22:53Z,1994771,175,2.6,5.9,-2.7,0.3,-2.4,0.9
2022-02-05T08:49:53Z,1999991,175,-7.3,-6.8,-12.7,-13.8,-6.5,-6.5
2022-02-05T08:50:53Z,2000051,175,-6.7,-5,-11.4,-12.2,-6,-5.6
2022-02-05T08:51:53Z,2000111,175,-5.9,-2.5,-9.9,-10.3,-5.4,-4.6
2022-02-05T08:52:53Z,2000171,175,-4.3,-1.4,-8.8,-8.2,-4.8,-3.5
2022-02-05T08:53:53Z,2000231,175,-2.4,-0.2,-7.8,-6.1,-4.2,-2.7
2022-02-05T08:54:53Z,2000291,175,-1.8,1.9,-6.3,-4.5,-3.6,-1.5
2022-02-05T08:55:53Z,2000351,175,-0.9,3.1,-4.7,-3.3,-3,-0.5
2022-02-05T08:56:53Z,2000411,175,1.1,3.8,-3.8,-1.9,-2.4,0.5
2022-02-05T10:23:01Z,2005579,175,-10,-10.1,-15.6,-17.1,-7.7,-9
2022-02-05T10:26:01Z,2005759,175,-6.8,-5,-11.6,-12.1,-6,-5.9
2022-02-05T10:27:01Z,2005819,175,-5.3,-3.9,-10.5,-10.3,-5.4,-4.9
2022-02-05T10:29:01Z,2005939,175,-3.8,-0.4,-7.7,-7.4,-4.2,-3.3
2022-02-05T12:21:15Z,2012672,176,14.2,13.4,10.1,8.3,5.2,9.9
2022-02-05T12:22:15Z,2012732,176,14.5,13.7,11,8.6,6.3,10.2
2022-02-05T12:23:15Z,2012792,176,14.9,14.7,11.9,8.8,6.3,11.1
2022-02-05T18:04:35Z,2033271,179,-22.9,-24.6,-23.6,-21.4,-3,-10.7
2022-02-05T18:05:35Z,2033331,179,-24.1,-25.5,-24.7,-22.3,-3.6,-11.3
2022-02-05T18:06:35Z,2033391,179,-25.1,-26.3,-25.8,-23.2,-4.8,-12.2
2022-02-05T19:36:43Z,2038798,180,-20.2,-22.3,-20.7,-19.3,-1.3,-8.2
2022-02-05T19:37:43Z,2038858,180,-21.3,-23.1,-21.9,-20.2,-2.4,-9.2
2022-02-05T19:38:43Z,2038918,180,-22.4,-23.9,-23,-21.1,-3,-9.9
2022-02-05T19:39:43Z,2038978,180,-23.5,-24.9,-24.1,-21.9,-3.6,-10.9
2022-02-05T19:40:43Z,2039038,180,-24.4,-25.9,-25.2,-22.7,-4.2,-11.3
2022-02-05T21:11:51Z,2044506,181,-20.4,-22.5,-20.9,-19.8,-1.9,-8.8
2022-02-05T21:12:51Z,2044566,181,-21.6,-23.3,-22,-20.6,-2.4,-9.7
2022-02-05T21:13:51Z,2044626,181,-22.6,-24.3,-23.2,-21.3,-3,-10.6
2022-02-05T21:14:51Z,2044686,181,-23.7,-25.3,-24.3,-22.1,-3.6,-11.2
2022-02-05T21:15:51Z,2044746,181,-24.8,-26.2,-25.4,-23.1,-4.8,-12.6
2022-02-06T10:13:00Z,2091372,187,-7.8,-4.3,-12.7,-12,-6.5,-6.3
2022-02-06T10:14:00Z,2091432,187,-6.8,-2.8,-11.3,-10.3,-6,-4.9
2022-02-06T10:15:00Z,2091492,187,-4.9,-1.7,-10.2,-8.1,-5.4,-4.1
2022-02-06T10:16:00Z,2091552,187,-3.3,-0.4,-9.1,-6,-4.8,-3.2
2022-02-06T19:22:42Z,2124352,192,-19,-21.4,-19.4,-18.5,-0.7,-8.2
2022-02-06T19:23:42Z,2124412,192,-20.2,-22.3,-20.7,-19.4,-1.9,-8.8
2022-02-06T19:24:42Z,2124472,192,-21.4,-23.1,-21.8,-20.3,-2.4,-9.7
2022-02-06T19:25:42Z,2124532,192,-22.5,-24,-23,-21.1,-3,-10.2
2022-02-06T19:26:42Z,2124592,192,-23.5,-25,-24.1,-21.9,-3.6,-11.1
2022-02-06T19:27:42Z,2124652,192,-24.5,-26,-25.3,-22.8,-4.2,-12.2
2022-02-06T20:57:49Z,2130058,193,-19.4,-21.9,-19.9,-19,-1.3,-8.7
2022-02-06T20:58:49Z,2130118,193,-20.6,-22.6,-21,-19.8,-1.9,-9.3
2022-02-06T20:59:49Z,2130178,193,-21.8,-23.4,-22.2,-20.7,-2.4,-9.9
2022-02-06T21:00:49Z,2130238,193,-22.8,-24.4,-23.3,-21.5,-3,-10.5
2022-02-06T21:01:49Z,2130298,193,-23.8,-25.3,-24.4,-22.3,-4.2,-11.5
2022-02-06T21:02:49Z,2130358,193,-24.8,-26.3,-25.5,-23.1,-4.8,-12.2
2022-02-07T08:29:54Z,2171580,201,-1.9,3.9,-8.1,-1.3,-3,-1.1
2022-02-07T08:30:54Z,2171640,201,-0.1,4.8,-6.8,0.1,-2.4,0.00E+00
2022-02-07T09:57:00Z,2176806,202,-12.6,-8.1,-18.9,-15.4,-7.7,-9.3
2022-02-07T09:58:00Z,2176866,202,-10.8,-7,-17.8,-13.4,-7.1,-8.2
2022-02-07T20:45:54Z,2215737,207,-20.6,-22.3,-21.1,-19.4,-1.9,-9.2
2022-02-07T20:46:54Z,2215797,207,-21.6,-23.2,-22.3,-20.1,-2.4,-10.2
2022-02-07T20:47:54Z,2215857,207,-22.7,-24,-23.4,-20.9,-3,-10.7
2022-02-07T20:48:54Z,2215917,207,-23.7,-24.8,-24.4,-21.7,-4.2,-11.6
2022-02-08T06:39:41Z,2251361,214,-6.5,2.6,-14.4,-1.7,-4.8,-3.8
2022-02-08T08:11:43Z,2256883,215,-10.5,-2.4,-18.6,-7.1,-6.5,-6.8
2022-02-08T08:12:43Z,2256943,215,-8.6,-0.9,-17.3,-4.8,-6,-5.7
2022-02-08T08:13:43Z,2257003,215,-7,0.5,-15.9,-2.6,-5.4,-4.1
2022-02-08T08:14:43Z,2257063,215,-5.8,2.1,-14.5,-0.7,-4.8,-3.3
2022-02-08T08:15:43Z,2257123,215,-4.8,3.9,-13,0.7,-4.2,-2.5
2022-02-08T08:16:43Z,2257183,215,-3.6,6,-11.4,2.1,-3.6,-1.7
2022-02-08T11:20:00Z,2268179,217,-13.6,-5.8,-22.1,-10.4,-7.7,-8.7
2022-02-08T11:21:00Z,2268239,217,-11.8,-4.5,-20.8,-8.4,-7.1,-7.9
2022-02-08T11:23:02Z,2268361,217,-9.5,-1.3,-18.1,-4.9,-6.5,-6
2022-02-08T18:59:30Z,2295747,221,-23.2,-24.3,-23.9,-21.1,-3.6,-10.6
2022-02-08T19:00:30Z,2295807,221,-24.3,-25.3,-25,-21.9,-4.2,-11.4
2022-02-08T20:32:37Z,2301333,222,-20.9,-22.1,-21.6,-18.9,-1.9,-9.2
2022-02-08T20:33:37Z,2301393,222,-21.9,-22.9,-22.6,-19.6,-2.4,-9.8
2022-02-08T20:34:37Z,2301453,222,-22.9,-23.7,-23.7,-20.4,-3.6,-10.8
2022-02-08T20:35:37Z,2301513,222,-23.9,-24.6,-24.8,-21.2,-4.2,-11.5
2022-02-09T07:57:32Z,2342425,229,-13.6,-2,-22.3,-4.9,-6.5,-7.3
2022-02-09T07:58:32Z,2342485,229,-12.3,-0.4,-20.9,-3.1,-6,-6.1
2022-02-09T07:59:32Z,2342545,229,-11,1,-19.5,-1.3,-5.4,-5.3
2022-02-09T08:00:32Z,2342605,229,-9.7,2.6,-18,0.4,-4.8,-4
2022-02-09T08:01:32Z,2342665,229,-8.3,4.3,-16.4,2.1,-4.2,-3.4
2022-02-09T08:02:32Z,2342725,229,-6.8,5.8,-14.9,3.6,-3.6,-2.3
2022-02-09T08:03:32Z,2342785,229,-5.3,7.2,-13.2,4.9,-3,-0.9
2022-02-09T08:04:32Z,2342845,229,-3.8,8.6,-11.5,6.1,-2.4,0.1
2022-02-09T08:05:32Z,2342905,229,-2.2,9.8,-9.8,7.1,-1.9,0.5
2022-02-09T08:06:32Z,2342965,229,-0.8,10.8,-8.1,7.9,-0.7,2.3
2022-02-09T09:31:40Z,2348073,229,-14.1,-4.6,-23.6,-5.3,-7.1,-8.4
2022-02-09T09:32:40Z,2348133,229,-12.9,-3,-22.3,-3.6,-6.5,-7.3
2022-02-09T09:33:40Z,2348193,229,-11.6,-1.4,-20.9,-1.9,-6,-6.2
2022-02-09T09:34:40Z,2348253,229,-10.4,0.1,-19.5,-0.2,-5.4,-5.2
2022-02-09T09:36:40Z,2348373,229,-7.7,3.3,-16.5,2.7,-4.2,-3.4
2022-02-09T09:37:40Z,2348433,229,-6.4,4.6,-15,3.8,-3.6,-2.1
2022-02-09T09:38:40Z,2348493,229,-5.1,5.7,-13.4,4.6,-3,-1.5
2022-02-09T11:05:47Z,2353720,230,-16.6,-6.1,-25.3,-7.7,-7.7,-9.7
2022-02-09T11:06:47Z,2353780,230,-15.4,-4.6,-24,-6,-7.7,-9.1
2022-02-09T11:07:47Z,2353840,230,-14.1,-2.9,-22.7,-4.4,-7.1,-7.9
2022-02-09T11:08:47Z,2353900,230,-12.7,-1.3,-21.3,-2.6,-6.5,-6.8
2022-02-09T11:09:47Z,2353960,230,-11.4,0.1,-19.9,-1,-6,-5.5
2022-02-09T11:10:47Z,2354020,230,-10.1,1.5,-18.5,0.3,-5.4,-4.6
2022-02-09T18:45:15Z,2381286,234,-21.6,-22.1,-22.4,-18.7,-1.9,-9.4
2022-02-09T18:47:15Z,2381406,234,-23.7,-24.1,-24.5,-20.5,-3.6,-10.8
2022-02-09T18:48:15Z,2381466,234,-24.7,-25.1,-25.5,-21.4,-4.2,-11.5
2022-02-09T20:19:23Z,2386933,235,-20.8,-21.3,-21.5,-17.9,-1.3,-8.9
2022-02-09T20:20:23Z,2386993,235,-21.8,-22.1,-22.6,-18.6,-1.9,-9.2
2022-02-09T20:22:23Z,2387113,235,-23.8,-23.8,-24.6,-20.1,-3.6,-11.2
2022-02-09T20:23:23Z,2387173,235,-24.7,-24.6,-25.6,-20.9,-4.2,-11.5
2022-02-09T20:24:23Z,2387233,235,-25.6,-25.5,-26.5,-21.7,-4.8,-12.5
2022-02-09T21:57:29Z,2392819,236,-23,-23.1,-23.8,-19.6,-3,-10
2022-02-09T21:58:29Z,2392879,236,-24,-24.1,-24.8,-20.4,-3.6,-10.9
2022-02-09T21:59:29Z,2392939,236,-25,-25.1,-25.8,-21.3,-4.2,-11.8
2022-02-10T07:44:19Z,2428028,238,-14.3,-0.8,-21.4,0.2,-5.4,-6.2
2022-02-10T07:45:19Z,2428088,238,-13.2,1.1,-20,1.4,-4.8,-5.8
2022-02-10T07:46:20Z,2428148,238,-11.6,3,-18.5,2.9,-4.2,-4
2022-02-10T07:47:20Z,2428208,238,-10.1,4.9,-16.9,4.7,-3.6,-3.5
2022-02-10T07:48:20Z,2428268,238,-8.4,6.3,-15.3,6.5,-3,-2
2022-02-10T07:49:20Z,2428328,238,-6.8,7.5,-13.6,7.9,-2.4,-1.2
2022-02-10T07:50:20Z,2428388,238,-5.1,8.6,-11.8,9.3,-1.9,0.4
2022-02-10T07:51:20Z,2428448,238,-3.5,9.9,-10,10.4,-0.7,0.6
2022-02-10T07:52:20Z,2428508,238,-1.9,11.4,-8.3,11.2,-0.1,1.6
2022-02-10T09:20:31Z,2433799,238,-12.2,0.9,-19.4,3,-4.2,-5.1
2022-02-10T09:21:31Z,2433859,238,-10.9,2.8,-17.9,4.2,-3.6,-4.1
2022-02-10T09:22:31Z,2433919,238,-9.8,4.5,-16.4,5.1,-3,-2.8
2022-02-10T09:23:31Z,2433979,238,-8.6,6.1,-14.8,5.9,-2.4,-1.7
2022-02-10T09:24:31Z,2434039,238,-7,7.6,-13.2,6.7,-1.9,-1.1
2022-02-10T09:25:31Z,2434099,238,-5.5,8.8,-11.6,7.7,-1.3,0.00E+00
2022-02-10T09:26:31Z,2434159,238,-4.1,9.3,-10,8.6,-0.7,1.3
2022-02-10T10:54:37Z,2439445,238,-14.2,-0.7,-21,1.1,-4.8,-6.5
2022-02-10T10:55:37Z,2439505,238,-12.6,0.6,-19.6,2.9,-4.8,-5.2
2022-02-10T10:56:37Z,2439565,238,-11.1,2.4,-18.1,4.1,-4.2,-4.2
2022-02-10T10:57:37Z,2439625,238,-10.1,4.1,-16.6,5,-3.6,-3.5
2022-02-10T17:01:00Z,2461427,238,-24.8,-25,-25.6,-21,-3,-11.3
2022-02-10T17:02:00Z,2461487,238,-25.8,-26,-26.6,-21.9,-4.2,-12.2
2022-02-10T17:03:00Z,2461547,238,-26.7,-26.9,-27.5,-22.8,-4.8,-12.6
2022-02-10T18:33:09Z,2466956,238,-21.8,-21.8,-22.5,-18,-1.3,-8.9
2022-02-10T18:34:09Z,2467016,238,-22.8,-22.8,-23.6,-18.9,-1.9,-9.7
2022-02-10T18:35:09Z,2467076,238,-23.8,-23.8,-24.6,-19.8,-3,-10.6
2022-02-10T18:36:09Z,2467136,238,-24.8,-24.7,-25.5,-20.6,-3.6,-11.2
2022-02-10T18:38:09Z,2467256,238,-26.6,-26.6,-27.4,-22.4,-4.8,-12.3
2022-02-10T20:05:15Z,2472482,238,-18.6,-18.6,-19.3,-15.1,1.1,-6.2
2022-02-10T20:06:15Z,2472542,238,-19.6,-19.4,-20.3,-15.8,0.5,-6.5
2022-02-10T20:07:15Z,2472602,238,-20.6,-20.3,-21.4,-16.6,-0.1,-7.9
2022-02-10T20:08:15Z,2472662,238,-21.6,-21.3,-22.4,-17.4,-1.3,-8.4
2022-02-10T20:09:15Z,2472722,238,-22.6,-22.3,-23.4,-18.3,-1.9,-9.4
2022-02-10T20:10:15Z,2472782,238,-23.6,-23.3,-24.3,-19.2,-2.4,-9.5
2022-02-10T20:11:15Z,2472842,238,-24.5,-24.2,-25.3,-20.1,-3,-10.8
2022-02-10T20:13:15Z,2472962,238,-26.3,-26,-27.1,-21.9,-4.8,-12.4
2022-02-10T20:14:15Z,2473022,238,-27.2,-27,-28,-22.8,-5.4,-13.1
2022-02-10T21:44:19Z,2478426,238,-22.1,-21.9,-22.9,-17.9,-1.3,-8.9
2022-02-10T21:46:19Z,2478546,238,-24.1,-23.8,-24.8,-19.6,-3,-10.4
2022-02-10T21:47:19Z,2478606,238,-25,-24.7,-25.8,-20.6,-3.6,-11
2022-02-11T07:35:47Z,2513911,239,-7.1,8.4,-12.4,10.8,-1.3,-0.5
2022-02-11T07:36:47Z,2513971,239,-5.3,10,-10.4,11.9,-0.7,0.7
2022-02-11T07:37:47Z,2514031,239,-4,11.8,-8.6,12,0.5,1.8
2022-02-11T07:38:47Z,2514091,239,-2.3,13.4,-6.8,12.6,1.1,2.4
2022-02-11T09:05:47Z,2519311,239,-15,0.8,-20.3,3.4,-3.6,-5.1
2022-02-11T09:09:47Z,2519551,239,-8.9,7.1,-13.8,8.9,-1.3,-1.1
2022-02-11T09:11:47Z,2519671,239,-5.6,9.7,-10.3,10.6,-0.1,0.3
2022-02-11T09:14:47Z,2519851,239,-1.9,12.9,-5.4,12.1,1.7,3.5
2022-02-11T10:39:47Z,2524951,239,-16.7,-0.7,-21.9,1.4,-4.2,-6.5
2022-02-11T10:42:47Z,2525131,239,-12,3.3,-17.4,6.4,-3,-3.3
2022-02-11T10:43:47Z,2525191,239,-10.9,5.3,-15.8,6.8,-2.4,-3.1
2022-02-11T10:44:47Z,2525251,239,-9.3,6.8,-14.2,7.9,-1.9,-1.5
2022-02-11T10:45:47Z,2525311,239,-7.8,7.1,-12.5,9.6,-0.7,-0.6
2022-02-11T12:35:49Z,2531912,240,12.3,21.8,10.8,19.6,9.3,12.9
2022-02-11T12:36:49Z,2531972,240,13.5,21.4,12,20.7,9.9,13.7
2022-02-11T12:38:49Z,2532092,240,15,22.7,14.2,21.5,11,15.1
2022-02-11T12:39:49Z,2532152,240,16,23.7,15.2,21.8,11.6,15.3
2022-02-11T12:40:49Z,2532212,240,17,23.2,16.3,22.9,12.2,16.5
2022-02-11T16:47:49Z,2547031,240,-24.1,-24.3,-24.8,-20.1,-2.4,-10.4
2022-02-11T16:48:49Z,2547091,240,-25.1,-25.3,-25.8,-21.1,-3,-11.1
2022-02-11T16:49:49Z,2547151,240,-26,-26.3,-26.8,-22.1,-3.6,-11.8
2022-02-11T16:51:49Z,2547271,240,-27.8,-28.1,-28.6,-23.9,-5.4,-13.5
2022-02-11T18:19:50Z,2552551,240,-20.9,-20.6,-21.6,-16.6,-0.1,-8.1
2022-02-11T18:20:49Z,2552611,240,-21.9,-21.6,-22.6,-17.6,-1.3,-9
2022-02-11T18:21:49Z,2552671,240,-22.9,-22.7,-23.6,-18.6,-1.9,-9.5
2022-02-11T18:22:50Z,2552731,240,-23.9,-23.7,-24.6,-19.5,-2.4,-10.1
2022-02-11T18:23:50Z,2552791,240,-24.8,-24.7,-25.6,-20.4,-3,-11.1
2022-02-11T18:24:50Z,2552851,240,-25.8,-25.6,-26.5,-21.3,-3.6,-11.8
2022-02-11T18:25:50Z,2552911,240,-26.6,-26.6,-27.5,-22.2,-4.8,-12.7
2022-02-11T18:26:50Z,2552971,240,-27.5,-27.4,-28.3,-23.1,-5.4,-13.3
2022-02-11T18:27:50Z,2553031,240,-26.8,-23.9,-29,-18.9,-6.5,-14
2022-02-14T11:58:58Z,2788891,246,11.1,14.7,6.9,11.7,5.8,9.8
2022-02-14T11:59:58Z,2788951,246,11.3,15.5,7.7,11.4,6.3,10.2
2022-02-14T12:01:58Z,2789071,246,12.6,16.5,9.2,12.1,7.5,11.1
2022-02-15T12:44:31Z,2877690,4,-20.7,-21.5,-21.4,-18.2,-1.3,-8.8
2022-02-16T01:46:57Z,2924961,13,0.1,3.1,-6.2,-2.8,-3.6,-0.9
2022-02-16T01:47:57Z,2925021,13,0.7,4.8,-4.6,-1.6,-3,-0.3
2022-02-16T01:49:57Z,2925141,13,3.7,7.3,-1.7,1.2,-1.3,1.6
2022-02-16T13:08:42Z,2965862,20,15.9,15.7,13.3,9.6,6.9,12.4
2022-02-16T13:09:42Z,2965922,20,17.1,15.6,13.8,10,7.5,13
2022-02-16T13:11:42Z,2966042,20,17.9,16.1,15.1,10.6,8.7,13.1
2022-02-16T20:22:06Z,2991864,24,-20.6,-22.5,-20.9,-19.8,-1.9,-8.9
2022-02-16T20:23:05Z,2991924,24,-21.6,-23.4,-22.1,-20.6,-2.4,-9.6
2022-02-16T20:24:05Z,2991984,24,-22.6,-24.3,-23.3,-21.2,-3,-10.6
2022-02-16T20:25:05Z,2992044,24,-23.6,-25.2,-24.3,-22,-3.6,-11.5
2022-02-16T20:26:05Z,2992104,24,-24.8,-26,-25.4,-22.9,-4.8,-12.2
2022-02-17T07:50:00Z,3033135,30,-4.4,-1.3,-7.9,-8.9,-5.4,-4.1
2022-02-17T07:52:00Z,3033255,30,-0.8,1.3,-5.7,-4.6,-4.2,-1.8
2022-02-17T07:53:00Z,3033315,30,-0.2,3.1,-4.3,-3.3,-3,-0.8
2022-02-17T07:54:00Z,3033375,30,0.6,4.8,-2.8,-2.3,-2.4,0.00E+00
2022-02-17T07:56:00Z,3033495,30,3.8,6.2,-0.4,0.3,-1.3,1.8
2022-02-17T10:57:16Z,3044370,30,-8,-6.1,-11.9,-14.5,-6.5,-6.8
2022-02-17T10:58:16Z,3044430,30,-5.8,-5,-10.9,-12.4,-6,-5.8
2022-02-17T10:59:16Z,3044490,30,-4.8,-3.7,-9.8,-10.7,-5.4,-4.5
2022-02-17T11:00:16Z,3044550,30,-4.2,-1.6,-8.4,-9,-4.8,-3.5
2022-02-17T18:43:49Z,3072360,35,-24.4,-27.1,-27.9,-26.6,3276.7,75.1
2022-02-18T09:16:54Z,3124741,44,1.7,5.1,-4.3,-0.3,-1.9,1.1
2022-02-18T10:49:02Z,3130268,45,-2.2,1.6,-8.9,-3.7,-4.2,-2.1
2022-02-18T12:41:13Z,3136999,46,14.2,15.3,10.1,10.4,6.3,10.8
2022-02-18T12:42:13Z,3137059,46,14.8,16.4,11.1,11,6.9,12.2
2022-02-18T12:44:13Z,3137179,46,16.8,17.4,13.4,11.8,8.1,13.2
2022-02-18T20:05:40Z,3163662,53,-26.2,-25.2,-29.2,-26,-10.1,75.1
2022-02-19T10:29:50Z,3215508,62,-12.1,-5.7,-21.7,-10.2,-7.1,-8.9
2022-02-20T12:14:28Z,3308180,76,10.8,17.6,6.9,14.1,6.9,10.9
2022-02-20T12:15:28Z,3308240,76,11.4,17.8,7.8,14.5,7.5,11.5
2022-02-20T12:16:28Z,3308300,76,12.1,17.9,8.6,14.8,7.5,11.5
2022-02-20T21:06:03Z,3340073,77,-22.6,-22.5,-23.4,-18.8,-2.4,-9.5
2022-02-20T21:07:03Z,3340133,77,-23.6,-23.4,-24.4,-19.6,-3,-10.6
2022-02-20T21:08:03Z,3340193,77,-24.6,-24.4,-25.3,-20.6,-3.6,-11
2022-02-20T21:09:03Z,3340253,77,-25.4,-25.3,-26.3,-21.4,-4.2,-11.5
2022-02-21T10:05:05Z,3386814,79,-12.3,0.9,-19.3,4,-4.2,-4.9
2022-02-21T10:06:05Z,3386874,79,-10.6,2.8,-17.7,5.5,-3.6,-3.8
2022-02-21T11:39:13Z,3392461,79,-13.9,-0.8,-20.9,2.4,-4.8,-6
2022-02-21T11:40:13Z,3392521,79,-12.3,0.9,-19.4,3.9,-4.8,-5
2022-02-21T11:41:13Z,3392581,79,-10.9,2.7,-17.8,4.9,-3.6,-4.2
2022-02-21T11:42:13Z,3392641,79,-9.9,4.6,-16.2,5.7,-3,-3
2022-02-21T12:02:13Z,3393841,79,12.1,18.6,10.1,17.7,9.9,12.8
2022-02-21T12:04:13Z,3393961,79,13.6,18.9,11.8,18.9,9.9,13.5
2022-02-21T12:05:13Z,3394021,79,14,19.6,12.4,18.9,10.4,13.8
2022-02-21T17:45:25Z,3414433,79,-24.1,-24,-24.8,-19.8,-3,-10.2
2022-02-21T17:46:25Z,3414493,79,-24.9,-24.9,-25.8,-20.6,-3.6,-11.4
2022-02-21T17:47:25Z,3414553,79,-25.9,-25.9,-26.7,-21.4,-4.2,-12.1
2022-02-21T17:48:25Z,3414613,79,-26.8,-26.8,-27.6,-22.3,-4.8,-12.5
2022-02-21T19:15:36Z,3419843,79,-19.6,-19.3,-20.3,-15.4,0.5,-6.7
2022-02-21T19:16:36Z,3419903,79,-20.6,-20.3,-21.3,-16.3,-0.1,-7.2
2022-02-21T19:17:36Z,3419963,79,-21.6,-21.2,-22.3,-17.2,-0.7,-7.7
2022-02-21T19:18:36Z,3420023,79,-22.5,-22.1,-23.3,-18.1,-1.3,-9.5
2022-02-21T19:22:36Z,3420263,79,-26.2,-26.3,-27,-22,-4.2,-12.8
2022-02-21T20:51:44Z,3425611,79,-21,-20.6,-21.8,-16.6,-0.7,-8.3
2022-02-21T20:52:44Z,3425671,79,-21.9,-21.5,-22.8,-17.4,-1.3,-8.8
2022-02-21T20:53:44Z,3425731,79,-22.9,-22.4,-23.7,-18.3,-1.9,-9.5
2022-02-21T20:54:44Z,3425791,79,-23.8,-23.3,-24.6,-19.1,-3,-10.4
2022-02-21T20:55:44Z,3425851,79,-24.7,-24.2,-25.5,-19.9,-3.6,-10.7
2022-02-21T20:56:44Z,3425911,79,-25.6,-25.1,-26.5,-20.6,-4.2,-12
2022-02-21T20:57:44Z,3425971,79,-26.4,-26,-27.3,-21.4,-4.8,-12.2
2022-02-22T02:03:09Z,3444297,79,-2.9,10.4,-8.9,8.2,-0.7,1.4
2022-02-22T08:18:39Z,3466825,79,-9.4,5.1,-16.2,4.5,-3.6,-2.6
2022-02-22T09:52:45Z,3472471,79,-10.8,2.9,-17.8,3.4,-4.2,-3.9
2022-02-22T09:53:45Z,3472531,79,-9,3.6,-16.2,5.3,-3,-2.8
2022-02-22T09:54:45Z,3472591,79,-7.6,5.6,-14.5,6.1,-2.4,-2
2022-02-22T09:55:45Z,3472651,79,-6.7,7.5,-12.8,6.4,-1.9,-0.5
2022-02-22T09:56:45Z,3472711,79,-4.9,9.1,-11.1,7.5,-1.3,0.1
2022-02-22T11:24:51Z,3477997,79,-14.6,-2.9,-22.7,-0.8,-6,-7.5
2022-02-22T11:25:51Z,3478057,79,-14.1,-0.6,-21.3,-0.3,-5.4,-6.5
2022-02-22T11:26:51Z,3478117,79,-12.6,1.3,-19.8,1,-4.8,-4.9
2022-02-22T11:27:51Z,3478177,79,-11,2.1,-18.3,3,-4.2,-4.6
2022-02-22T11:28:51Z,3478237,79,-9.2,3.3,-16.6,4.7,-3.6,-3.5
2022-02-22T19:02:15Z,3505440,79,-20.7,-20.3,-21.4,-16.4,-0.7,-8.2
2022-02-22T19:03:15Z,3505500,79,-21.6,-21.3,-22.4,-17.4,-1.3,-8.5
2022-02-22T19:04:15Z,3505560,79,-22.6,-22.3,-23.4,-18.3,-1.9,-9.4
2022-02-22T19:05:15Z,3505620,79,-23.6,-23.3,-24.4,-19.1,-3,-10.2
2022-02-22T19:06:15Z,3505680,79,-24.4,-24.2,-25.3,-19.9,-3.6,-11.1
2022-02-22T19:07:15Z,3505740,79,-25.3,-25.1,-26.3,-20.8,-4.2,-11.5
2022-02-23T01:50:52Z,3529955,83,-2,8.8,-9.3,4.6,-2.4,0.7
2022-02-23T01:52:52Z,3530075,83,1,10.8,-5.8,7.6,-0.7,2.7
2022-02-23T12:27:31Z,3568151,89,-21.3,-21.8,-22.1,-18.1,-1.9,-8.9
2022-02-24T12:55:25Z,3656212,111,12.8,13.8,9.1,7.7,4.6,9.4
2022-02-24T12:56:26Z,3656272,111,14.4,13.1,10,8.5,4.6,10
2022-02-25T01:24:08Z,3701131,120,3.5,4.5,0.3,-1.5,-1.9,1.5
2022-02-25T01:25:08Z,3701191,120,4.2,6,1.7,-0.6,-1.3,2.2
2022-02-25T01:26:08Z,3701251,120,5.5,6.5,2.7,0.6,-0.7,3.6
2022-02-25T01:27:08Z,3701311,120,6.6,7.8,3.8,1.6,-0.1,3.9
2022-02-26T12:30:33Z,3827504,142,13.8,14.9,10.4,9.6,6.3,10.6
2022-02-26T12:31:33Z,3827564,142,14.8,14.4,11.2,10.3,6.9,11.6
2022-02-26T12:32:33Z,3827624,142,15,15.3,12,10.1,7.5,12.3
2022-02-26T12:33:33Z,3827684,142,16,14.8,12.5,10.6,8.1,12.4
2022-03-08T02:07:31Z,4654012,61,5.1,7.3,2.9,0.4,-0.7,2.5